TIME,TS_1,TS_2,TS_3
1,1.29825693337173,0.674331405312684,0.01
2,0.436155108313003,0.668796091058105,0.0396
3,0.647207549812012,0.721019608768404,0.15212736
4,0.416972147344127,0.395984718730447,0.515938505357722
5,0.78307658613686,0.484176409597464,0.998983856187848
6,0.435362371980658,0.447058499113756,0.00406044505562224
7,0.772716645106365,0.409380363646101,0.0161758313662901
8,-0.0136605299245115,0.781767209965606,0.0636566953835977
9,0.444951274719366,0.673780218807072,0.23841808206575
10,-0.118563508989263,0.802072707199266,0.726299600839357
11,0.29918827388909,0.905941669767322,0.79515396263979
12,0.768356693907111,0.494995452983419,0.651536553352118
13,0.225291138781893,0.52195798273916,0.908146691992643
14,0.50966875180218,0.601779828641021,0.333665111261851
15,-0.180113664103204,0.937911075496305,0.88933081915387
16,0.503205884846879,1.01215760580952,0.393686053027907
17,0.574744982622146,1.02865149461472,0.95478937871686
18,0.164529935628261,0.650155338778634,0.172666484025329
19,0.458063096577326,1.06767533545407,0.57141107727864
20,0.570697496243001,0.816040890121785,0.979601832167617
21,0.860821140966336,0.802133062969302,0.0799283303258615
22,0.593985583279548,0.983448030724695,0.294159169348726
23,0.155677505362251,0.660101171395973,0.830518209747174
24,0.733828507286315,1.00076798207133,0.563030852102093
25,0.471655772209542,1.16668794710253,0.984108446733137
26,0.455416883041363,0.927654338354366,0.0625560472065195
27,0.225066387928141,0.891349112584681,0.234571152657661
28,1.1276097609805,0.98110125649276,0.718190107994069
29,-0.0718052904529458,1.12392881909057,0.809572307094147
30,0.227554664721553,0.841579076711237,0.616659946721629
31,0.702818213778651,0.958971266057875,0.945561827323627
32,0.243857787940881,0.982884481206402,0.205898632128121
33,0.196578632488549,1.19283734801769,0.65401754166356
34,0.102111646060756,1.02927196023175,0.905114387439654
35,0.296629274872501,0.729244277158125,0.343529332357574
36,0.651587916583751,0.981272430861605,0.902067720670134
37,0.990503896520003,0.982541685423315,0.353366191980492
38,0.224346067032171,0.944912280049518,0.913994105382793
39,-0.303618960640072,1.07792766857791,0.314435522833205
40,0.455411034347426,0.79436156920858,0.862263299255257
41,0.817514318836471,0.982094490850559,0.475061208050786
42,0.407194108667115,0.777423776669832,0.997512226624455
43,0.604469708542814,0.929098384330572,0.0099263374367071
44,0.373693689937218,0.719124311828224,0.0393112210471989
45,0.935198981666044,0.66545414281033,0.151063395787909
46,0.64573816053599,0.932831404188976,0.512972984963737
47,0.242016648760389,0.603884573114822,0.999326806644523
48,0.525474346858086,1.01377327369673,0.00269096066473433
49,0.833962527290786,0.704056284517671,0.0107348775817407
50,0.8130522417051,1.03454231713652,0.0424785599401831
51,0.554955447892283,0.614831755347307,0.162696527542365
52,0.500779314490571,1.00497001964519,0.544905469872087
53,1.10514943471848,0.615662224374943,0.991933995102268
54,0.289624738034281,0.488010509242437,0.0320037778508858
55,0.582063404445131,0.555846918414027,0.123918144216628
56,0.635218133261177,0.721098357697315,0.434249751002139
57,0.476445660286341,0.421870567097909,0.982707619026877
58,0.747177717916735,0.610441095669017,0.0679734181336127
59,0.762948008448037,0.593283179780944,0.253412130243383
60,0.801277106549913,0.354791833671318,0.756777689955575
61,0.225444237397099,0.761368747325742,0.736260871764315
62,0.945203815665142,0.542280038451525,0.776723201892665
63,1.11032733391835,0.454345853088071,0.693697078137087
64,0.178235116434087,0.629286516789998,0.849925767684622
65,0.330778929387834,0.450551363093802,0.510207828441313
66,0.200394869346651,0.654385743685244,0.999583200954051
67,0.727415162773151,0.220095379615055,0.00166650129801737
68,0.676593534993726,0.482013470435317,0.00665489628576429
69,0.265006437595411,0.462418974427689,0.02644243456476
70,0.127462949670282,0.183337516324093,0.102972928876194
71,-0.339313264820268,0.351708793684495,0.369478019179408
72,0.404502225899243,0.0995970553142567,0.931856050090677
73,0.0994464978146203,0.170814746847001,0.254001408000316
74,0.702619968723771,0.177362046611943,0.757938770936693
75,1.41297358724036,0.102601213279309,0.733870361790673
76,0.47873018056882,0.22517242096834,0.781218615503599
77,0.389593447454681,0.0581145254002978,0.683664361176957
78,0.45696984133867,0.0062455236477128,0.865069609733841
79,0.42958947739739,0.322870455808339,0.466896720195123
80,0.753201159669083,-0.0319708954768199,0.99561669146464
81,0.838964383592369,0.236883146122688,0.0174563805665747
82,0.82543055538164,0.393388729873157,0.0686066213763586
83,0.431551590580307,0.109103862616523,0.255599011518718
84,0.671178616932529,0.170377870149506,0.76107262731749
85,0.289499546716503,-0.0202658077534883,0.727364333062173
86,0.492782844031361,0.11752561269183,0.793221840204774
87,0.608229338467073,0.313522414742977,0.656083809707705
88,0.120962940266919,-0.162171223042425,0.902551377388516
89,0.656226427252641,-0.0943588423409834,0.351809554250435
90,0.26251428188169,0.279946956755255,0.912158367154182
91,0.532410096289486,-0.060948718177164,0.320501921539196
92,0.698371062057074,0.000442544034271797,0.871121759315516
93,-0.232854952382988,-0.118645445093373,0.449074559050226
94,0.46801043675532,0.270798319747347,0.989626397856284
95,0.0819969140640066,-0.117066693935305,0.0410639620891186
96,1.06777515229194,0.162036858737911,0.157510852426648
97,0.48755686352433,-0.0563637247049385,0.530804735177915
98,0.351062996736181,0.155376610969516,0.996204273162474
99,0.337255588381532,-0.0384474930828335,0.0151252771812028
100,0.213485239395859,0.10759917553785,0.0595860126855785
101,0.0725808661813326,-0.0355407253667333,0.22414207911125
102,0.534415861052715,0.220317324326706,0.695609629931746
103,0.505468970839646,0.175757657269596,0.846947490711862
104,1.36893094326812,0.00855807710476259,0.518509754754969
105,0.348527170776048,0.216506587740799,0.998629555915644
106,1.1278966033771,0.231433732261394,0.00547426386947214
107,0.821670718922607,-0.0780806207477996,0.0217771852182381
108,0.85281488574752,0.0213521321496463,0.0852117576888347
109,0.564767938047154,0.269823922512162,0.311802856161656
110,-0.111275007405848,0.106684799632557,0.858327340204359
111,0.905743861303959,0.138249679830206,0.48640606904828
112,0.290087588321402,0.114049628721591,0.999260820165119
113,0.911212268252095,0.32772864343901,0.00295453379220917
114,0.297120234353077,0.347203962264651,0.0117832180891195
115,0.638815641831087,0.169893178484517,0.0465774954423349
116,0.343662086439693,0.42010367742847,0.177632129442617
117,0.493165786020206,0.33075280252081,0.584315824129192
118,0.57451125919124,0.294248266407075,0.97156336720566
119,0.647863860169816,0.138457409330784,0.110511962838638
120,-0.210456141862082,0.323808194100529,0.393196275632758
121,0.859853105059761,0.329850647169309,0.954371857845145
122,-0.363174335404524,0.440096483090208,0.174184859193407
123,0.482592735485125,0.221411290098388,0.575377976084719
124,0.133739245623424,0.312150360497149,0.977272642885486
125,0.46472194941356,0.449926335080817,0.0888432974124126
126,0.811086045704461,0.39390009776175,0.323800663669209
127,0.764514946358062,0.559701525026839,0.875815175506355
128,1.13905942958447,0.479622036359575,0.43505181543651
129,1.10458384029431,0.442052027849947,0.983126933287628
130,1.18847886057142,0.362748335936986,0.0663534653283695
131,0.404964947858185,0.645530085875268,0.247802731869145
132,0.950941314737929,0.691371161859473,0.745586151789335
133,0.189122344066573,0.672464211128023,0.758749768197222
134,0.562191269299728,0.872069489520682,0.732194229831535
135,0.2085665891979,0.907792502630754,0.784343358531761
136,0.467242088166032,0.750947980448648,0.676595417835513
137,0.401016522735294,0.628893338122154,0.875256233598002
138,0.27023548830168,0.524486726942028,0.436731036583366
139,0.433794391713799,0.678260480302246,0.983988153072739
140,0.299500898573671,1.00981756606113,0.0630218707409575
141,0.49877233143851,0.699212951000925,0.23620045819707
142,0.541433125709066,0.697817561984188,0.721639206978257
143,0.878356104814653,0.967386659725061,0.803504247720197
144,0.549672310842437,1.07085133789175,0.631540686463189
145,0.0234025292957962,0.686956674086662,0.930788191219172
146,0.610623371100646,1.00490693770689,0.257686137224455
147,0.468751706501171,0.877106235201664,0.765135967627177
148,0.67547877313548,0.869185309951973,0.718811674681602
149,0.681119991750933,0.974583710020204,0.808485804092131
150,0.661656593691932,0.743350653065117,0.619346034694524
151,0.387539593213456,0.823545006129025,0.943026096010774
152,0.879395549092799,1.10934422264389,0.214911513013812
153,0.247989799056661,1.10403494885204,0.674898218351704
154,0.254599151588343,0.929620989490966,0.877642452869599
155,0.152429210387264,0.888857591738259,0.429544711162531
156,0.351467270315831,1.11748430605437,0.980144209099315
157,0.400662517296771,0.716814948161053,0.0778461538735732
158,0.348289391071624,1.01864750633693,0.28714452080266
159,0.278184038485466,1.0249159597188,0.818770179902684
160,-0.111598250063419,0.843318949355408,0.593542289619242
161,0.55406336789684,0.762448213134398,0.964999360211159
162,0.620064978415044,0.901504257044838,0.135102380012851
163,0.596284958673632,0.93181224459757,0.467398907710855
164,0.101284607619762,1.17805564910778,0.995748675126219
165,0.916454678063547,0.865032007498428,0.0169330044423956
166,0.170191673662166,1.08472304493371,0.0665851112117976
167,0.346663671919119,1.14365852644111,0.24860613670684
168,0.185296293287502,0.658997744589661,0.747204501994161
169,1.10998353100834,0.938213218472265,0.755559736775276
170,-0.0835772541598822,0.941388957202251,0.738756883757407
171,0.208093686898538,1.09391154816496,0.771980601833809
172,0.616441618470168,0.726297747030897,0.704106208904477
173,0.494035756062705,0.646597517876986,0.833362621946568
174,0.821211179220115,0.841150699864148,0.555477449155639
175,0.428387526689447,1.03130317941365,0.987689010540734
176,0.746467340477582,0.852182111642389,0.0486377159911994
177,0.356569019899585,0.660420918690234,0.185088354297435
178,0.205825613399115,0.572302757607708,0.60332262160361
179,1.02782232468496,0.648686286423052,0.957297743459829
180,0.407567964874535,0.656120259301676,0.163515095306193
181,0.0842853657734093,0.671449905697249,0.547111635652797
182,0.417000607772517,0.739301348082234,0.991121975144472
183,0.45310448646353,0.895896064719789,0.0351968221207693
184,0.265784272135747,0.484484858809546,0.135832023333473
185,0.730994272234709,0.59201935079529,0.469526739082431
186,0.592556867557941,0.818673600391644,0.996285521476199
187,0.862524655120694,0.779605866988503,0.0148027246923881
188,-0.229751914625425,0.554225294322554,0.0583344161362778
189,1.01342557590556,0.573433444268001,0.21972604812127
190,0.994212527798761,0.459698326924705,0.685786047593117
191,0.275597897703803,0.389747452862869,0.861934178078913
192,0.794201170678223,0.649355194312212,0.476014602953367
193,0.721934710693895,0.250878629847855,0.997698802914062
194,0.281087344046222,0.512598584184636,0.0091836063116405
195,0.78550726885468,0.378049550809071,0.0363970707470132
196,0.235184046040326,0.482013683328105,0.1402892959522
197,-0.0890068114497071,0.283259889078221,0.482432837573745
198,0.931192175875194,0.289912295117717,0.998765579217158
199,0.63524207179948,0.320915399357448,0.00493158795269055
200,0.0125866287244955,0.284951731134774,0.0196290695718217
201,0.326796027117408,0.138071636095391,0.0769750767982652
202,0.504335284756389,0.198571777443357,0.284199657400666
203,0.874006440156514,0.472548126748947,0.813720848536039
204,0.643305352908508,0.359462842514027,0.60631691677531
205,0.595091812507532,0.418732244887867,0.954786852829567
206,0.0483445519957553,0.0913446950358547,0.17267567397351
207,0.84966703295368,0.232162081151786,0.571435142365216
208,0.717828597425088,0.157009566363179,0.979588081741045
209,0.344899503895501,0.0770316322871054,0.0799810874077779
210,0.203532812514088,0.142849152404367,0.294336452259389
211,0.818923302514675,0.147869473111372,0.830810020522982
212,0.195262104923928,-0.139889209471999,0.562258921286338
213,0.136831902309976,0.141351532336258,0.984495306881047
214,1.60939323803709,-0.057718312342213,0.061057190440962
215,0.355593468912714,-0.066825158712201,0.229316839745672
216,0.387168879555354,0.193265767363945,0.70692250701892
217,0.222528159240961,0.266040383110254,0.82873230435602
218,0.45893501172,-0.139724154122284,0.567740288291124
219,1.33672507107817,-0.154080425794596,0.981645013368942
220,0.373565072506115,0.253444279615525,0.0720723243873274
221,0.423708900205546,-0.0455502139503232,0.267511617778941
222,0.820385191032642,-0.0710691024922143,0.783796608528939
223,0.723058092737199,-0.177863435297196,0.677837939949889
224,0.00788056639604928,0.254317491110165,0.873494668457519
225,1.00730111593291,0.181265601123912,0.442006930535233
226,0.277028402323838,0.123747726782886,0.986547215576219
227,1.0402323367519,-0.111577663270826,0.0530872280601146
228,0.378986398208321,0.21881289762873,0.201075897108032
229,0.962532296150497,0.0270636416187497,0.642577522840929
230,-0.067732298336157,-0.090524002665278,0.918686599922178
231,0.891850524389695,0.232787465680747,0.298806124182424
232,0.453615951839121,-0.00427113774831683,0.838084097334008
233,0.534639409979516,0.171403064953472,0.542796572519397
234,0.444377441724201,0.144535464926799,0.992673813522368
235,0.22040456534905,0.125316730871806,0.0290900538773076
236,0.938574076742541,0.0892701566491898,0.112975290570892
237,0.511506189466079,0.0773115605745831,0.400847497165258
238,0.0932275743175743,0.143256591099145,0.960675124726426
239,0.329936993833984,0.0108414341231557,0.151113717833168
240,0.461793871629341,0.0241356922120994,0.513113448463223
241,0.868737332008466,0.35827520832314,0.99931214987761
242,0.910499674807508,0.0422774829310917,0.00274950793839842
243,0.00707613269603435,0.447170829839689,0.0109677925779804
244,0.789392233539921,0.493749637010766,0.0433900004157872
245,0.801552376435546,0.220979369982186,0.166029233118821
246,-0.0898440279066957,0.176860088803685,0.553854107475188
247,0.581769838170256,0.26908645897303,0.988398940432204
248,0.152528186890614,0.284743488852621,0.0458658999388031
249,1.17291232273869,0.251405829504468,0.175048876646427
250,-0.0773657663793758,0.248190652461301,0.577627069725005
251,0.284871921212627,0.521486506105958,0.975896152183637
252,0.514296276951774,0.386540118713463,0.094091409347234
253,1.06870395812371,0.618391561437187,0.340952864137141
254,0.665961374453575,0.455531332603241,0.898816034295285
255,0.340917773243604,0.803430695752646,0.363783083155929
256,0.705700274547308,0.745500768634383,0.925779806261981
257,0.53932468566718,0.477137296868238,0.274846226318039
258,0.221008949921341,0.686918641291163,0.797223112787089
259,-0.630967876670051,0.625539878962179,0.646633684900615
260,0.305395161603218,0.607590386149882,0.913994249809869
261,0.850440093556014,0.619022306849544,0.314435044497454
262,1.21802521876278,0.787695099955351,0.862262589157353
263,0.0578329254557849,0.868853137187107,0.475063265988043
264,0.53190704617475,0.806044101850522,0.997512637187268
265,0.0580423885150451,0.654235695279695,0.00992470335588151
266,0.139841988540751,0.554389440374408,0.039304814476717
267,0.475200021782641,0.82412291210027,0.151039784142672
268,0.49043576309777,1.0384495383621,0.512907070995227
269,1.40622989521479,1.07373025346194,0.999333630073297
270,0.943062168103904,1.1027742860083,0.00266370351129644
271,0.0516349449622056,0.874204270617966,0.0106264327796014
272,0.199875108687912,0.962829920942742,0.042054046823928
273,0.401864814600902,1.04385855117016,0.161142015878636
274,0.418571457540153,0.893262703817956,0.540701066388821
275,0.843834155465029,0.743194733112645,0.993373692779251
276,0.197753679472182,0.858826417079415,0.02632959709346
277,-0.49883794537229,0.889795421457811,0.102545397641424
278,0.815226885854397,1.10433821993592,0.368119356255946
279,0.325795856122992,1.02803603498126,0.930429983222615
280,0.938945975985918,0.790304843408331,0.258920118171916
281,1.17731461974534,1.09994044967954,0.767521962311029
282,0.156752045265398,0.939712607836843,0.713727998725027
283,0.362307004402103,1.19844740095636,0.81728137024398
284,0.110485663738614,0.746319951250891,0.597330128384409
285,0.916717674105295,0.953652918304241,0.962107384434698
286,0.877043524988329,0.768635962815837,0.145827061003689
287,0.415803754223207,0.843892083404004,0.498246117130862
288,0.706916696448569,1.1409093345596,0.999987695579525
289,0.418612336492384,0.937830725864731,4.92170763034196e-05
290,-0.187250371717475,1.04319783272496,0.000196858615931279
291,0.741832581487273,1.02389189830067,0.00078727945046645
292,0.647987401790794,0.991546754865106,0.00314663856613329
293,0.908965816931261,0.900805202512848,0.0125469489274697
294,0.719048173548293,1.0905041238125,0.0495580920003245
295,0.508440920766305,0.742381927373604,0.188408350070448
296,0.822278390754478,0.740811370481906,0.611642574776717
297,-0.323745093076394,0.631006701852088,0.950143741988901
298,0.984852358680083,0.788830486428922,0.189482446192919
299,0.541681894434575,0.859491970361109,0.614315395110668
300,0.1794823481846,0.801396676637204,0.947727961762768
301,0.526337848572021,0.710513146183508,0.19815868902303
302,0.542262336956674,0.870102721362779,0.635567291950815
303,0.702417358151589,0.905200190641893,0.92648603741249
304,0.509204997139061,0.586420278511961,0.27243863956877
305,0.704860913267704,0.478041034035401,0.792863308954751
306,0.669554568546347,0.569560262213788,0.656924329072296
307,0.718811729985819,0.729561463770151,0.901499019780839
308,0.448198419847053,0.710092818407555,0.355194148460103
309,1.16390589066895,0.706975061331657,0.916125061439221
310,0.400929487923857,0.529298907991954,0.307359732968818
311,0.829812101922544,0.542907792039373,0.85155891007262
312,0.357136568922971,0.548492054176525,0.505625330994207
313,0.597141431934567,0.467005452120901,0.999873422604823
314,0.234968527992582,0.426185213596776,0.000506245493362194
315,0.303460759678216,0.272295567466881,0.00202395683545058
316,0.239342712802355,0.344573558036582,0.00807944173671524
317,0.395779900461523,0.547294813214896,0.0320566574317531
318,0.637017158869032,0.413219749105163,0.124116112584225
319,0.948408555475247,0.648647386773243,0.434845212724821
320,-0.174905009115853,0.39995795137214,0.983019414780505
321,-0.0782063914609518,0.494251101570872,0.0667689797803959
322,0.754113476676134,0.283939260261847,0.249243532477924
323,0.0201347830715762,0.380902119376666,0.7484847759834
324,0.477916037971167,0.129073534628976,0.753021264417918
325,0.679312956315153,0.210861890965901,0.743920959009432
326,0.922240575837912,0.291747520686017,0.762010263023675
327,0.260722631343225,0.0915921454782383,0.725402488281058
328,0.598842500173161,0.205519384826002,0.79677487310683
329,0.699239266516092,0.0510433884617378,0.647698698769701
330,0.628161272130769,0.0628403090451711,0.912740377526949
331,0.469881895288287,0.236706426639527,0.318581523035647
332,0.205669240374321,-0.0759870292415348,0.868349344863738
333,0.125311010888778,-0.083421299374109,0.457275040553819
334,0.510129369762394,-0.0892536974026433,0.992698311361289
335,0.854071873875643,0.359831674853211,0.0289934959269384
336,1.04935547999558,-0.100934970207798,0.112611492483492
337,0.738418916824785,0.338788717493576,0.39972057697653
338,0.391142676221093,-0.0982882195567171,0.95977614927232
339,0.368214905421685,-0.0136417475320861,0.154423570241271
340,0.185369150985092,0.274849995549855,0.522307724780842
341,0.992126702993115,0.0613473337800136,0.998009461660409
342,0.778482451726443,-0.0758484820275812,0.00794630438683873
343,-0.0104607472621338,0.126709668327507,0.0315326425337217
344,0.369976715074236,0.167984488619782,0.122153339954249
345,1.55140192415889,0.201512589465332,0.428927605969083
346,0.28724528040969,0.110465439323656,0.979794859226856
347,-0.00549165039247479,-0.0196805913325582,0.0791875722379247
348,0.0233375904301529,-0.0675361438055874,0.291667602563953
349,0.845970530818647,0.146516886839352,0.826390448714195
350,0.443937867131836,0.0620741695274465,0.573877099952586
351,0.447393316310017,0.0951784718185033,0.978168696410383
352,0.294541232884058,0.301116841443563,0.0854187910927818
353,0.256242747036763,0.21757602461336,0.312489684884118
354,0.686060006212948,0.193034118658102,0.859359526900571
355,-0.473584009711877,0.0619776969896162,0.483442921703193
356,0.452886732469547,-0.0386274157907204,0.998903452633094
357,0.678858632811878,0.326346776340555,0.00438137980311433
358,0.317815281660503,0.265686904718409,0.0174487332565408
359,0.0024344035956545,0.00463811797866531,0.0685770998571315
360,0.101344029203141,0.364226508207869,0.255497124929266
361,0.364295216120352,-0.036223793616618,0.76087337632858
362,1.0877227532699,0.237972176589684,0.727780326091708
363,0.53662890181111,0.184503957362986,0.792464492182221
364,0.318347296309561,0.323371552346741,0.657858083250383
365,1.47553508949039,0.4342737808525,0.900323302210061
366,0.131352989435961,0.282467017681421,0.358965014830528
367,0.385271732095222,0.0779519186535357,0.920436531832987
368,0.0747725193304185,0.155881600288287,0.292932490800998
369,0.156128860776504,0.411839533018673,0.828492186536484
370,0.230631325047002,0.185397011169693,0.568371533537918
371,1.03246056580709,0.536928692123381,0.981301333606693
372,0.631122615767167,0.50280149410254,0.0733961050736743
373,1.01632359921501,0.284710943155887,0.272036467334754
374,0.580517716163579,0.213258835627676,0.792130511099125
375,0.773724605417084,0.566643677987879,0.658639057939856
376,0.767623597385749,0.32356269874291,0.89933459718382
377,0.338712438946068,0.555785221055063,0.362127517968146
378,0.499045748226271,0.343964684833742,0.923964714793504
379,0.632336798327844,0.617317025065386,0.281015682440252
380,0.00799157826545527,0.489187311476968,0.808183474651566
381,0.511110746097949,0.734282782620786,0.62009178380675
382,0.565241919761398,0.80265931748251,0.942311853848451
383,0.0925756907506518,0.701440598765108,0.217440895780585
384,0.296663940159886,0.730126895922532,0.680641410490886
385,0.48831346566088,0.871615977534804,0.869474723263452
386,0.287815399038271,0.768650638122884,0.453953715477581
387,0.312159463503351,0.637598241793447,0.991518958726722
388,0.547071313781906,0.68343884169398,0.0336364528487975
389,0.449367824681625,0.969504326600131,0.130020167554192
390,0.364754401076021,0.876831148748972,0.452459694333489
391,0.540135891083026,0.969274340030605,0.990959677348539
392,0.763165875548949,0.93812255535148,0.0358343808712754
393,0.685693874623461,0.698214136597858,0.138201112075391
394,0.915265024524538,0.721610920806754,0.476406258786065
395,0.184670334394389,0.651768168465371,0.997773341502119
396,0.395515795134865,0.653320211106917,0.00888680195925774
397,-0.0857981694043456,0.702913282342784,0.0352313068407787
398,0.646847525299615,0.93020220227573,0.135960247436278
399,0.569133171979595,1.09596123982227,0.469900234213377
400,1.34046003501705,0.785934076714545,0.996376016398362
401,0.432113334098473,0.689626628901204,0.0144434013779725
402,1.03241151827922,1.1350962622159,0.0569391581384292
403,0.659936489191318,0.814917691944305,0.214788361635665
404,0.793850910054884,0.766924697903564,0.674617285366126
405,0.813349687182917,0.763108636208645,0.87803521460546
406,0.642545560364872,0.883103477398647,0.428357506072817
407,0.975738427231687,1.17940699661695,0.979469412255574
408,0.795022685990538,1.06519972955274,0.080436330845178
409,0.696121071408543,1.13794915676454,0.295865310101372
410,0.738098884407663,0.955138996243979,0.833316113519964
411,1.17511670482267,0.794050060063424,0.555601473871786
412,-0.167234458267166,0.949009064644667,0.987633904413141
413,0.616896445160915,0.932062294700872,0.0488527010671847
414,0.553640933290007,0.938397203851419,0.1858644586625
415,0.177996286864039,0.803297055428828,0.605275446674383
416,-0.170181134670733,0.843525667205917,0.955668321310036
417,0.980667588024576,1.10388833755853,0.169465523817974
418,0.769678655908655,0.854323854194326,0.562987840220296
419,0.612953918904051,0.721021073551978,0.98413012793753
420,0.267099444892317,1.0188650912876,0.0624720768927635
421,1.0589381676209,0.731048652811994,0.234277266005873
422,0.536519318297401,0.95838227587281,0.717565714554745
423,0.263132558826459,1.03615198619011,0.810660639401134
424,0.455015646987699,0.987686805616196,0.613959868507516
425,0.527395009271508,0.643338369659599,0.948052593478999
426,0.486979414202541,0.811244886825745,0.196995493906971
427,0.724972203956512,0.547324628491843,0.632753077149279
428,0.756381916595007,0.827731623093379,0.929506482029591
429,0.424081129693332,0.7871526481142,0.26209672757826
430,0.400290635542131,0.670125107605595,0.77360813188411
431,0.821647032442321,0.659001840278036,0.700554360667551
432,0.777188686422646,0.669547167847727,0.83911179366892
433,0.574258858924288,0.505049813667555,0.540012765578591
434,0.198302334649688,0.451442271577255,0.993595914363011
435,-0.076514065899282,0.70081779751495,0.0254522932965721
436,0.429554588317264,0.418209826148964,0.0992178962500694
437,0.615109567383088,0.545813035165532,0.35749482125512
438,0.662937240040738,0.337853513072028,0.918769096123559
439,0.441722038581047,0.605744332292838,0.298529776527431
440,0.417345247377497,0.637864257543887,0.837638996215652
441,1.00402804031531,0.279782043346789,0.543999632937949
442,0.732314361305016,0.636532142007563,0.992256129205303
443,0.708970599714825,0.211065974730792,0.0307356130392476
444,0.155162201257196,0.674946365103794,0.119163740521397
445,-0.450752064174528,0.360677228587141,0.419854973865384
446,0.336221606554612,0.414421408935729,0.974307099143527
447,0.180133316870162,0.389919640886201,0.10013110280821
448,0.530262901117358,0.401939034802135,0.360419460234488
449,0.627229498788573,0.442516641774442,0.922069091675073
450,0.876491840465776,0.082806920674471,0.287430727410316
451,0.0387116242436095,0.26191243470859,0.81925721740277
452,1.03000822482534,0.0927357521172313,0.592299316544962
453,0.417718735978003,0.496450282132797,0.965923344661332
454,1.15683485592648,0.013136650618475,0.131661747598391
455,0.488693870727883,0.16233288640149,0.457307727270915
456,0.153405207877682,0.264197826097582,0.992709479396902
457,0.237097837540796,0.0974080805336875,0.028949475649736
458,0.650674662410952,0.15395643316339,0.112445614037365
459,0.915876035880612,0.28472387162684,0.399206391684501
460,0.720975799078311,-0.0296936280778519,0.959362594090967
461,1.10542911212266,0.156301117460682,0.155944028600069
462,0.950216351764228,0.294315568018975,0.5265019541762
463,0.753760769594984,0.0111521064147287,0.997190585699371
464,0.535531145713297,0.326395456447125,0.0112060859676678
465,0.513121693229983,0.315913419672863,0.0443220384198122
466,0.496286237977279,0.278757725462152,0.169430381320499
467,0.266799991761862,0.189374097235713,0.562894908824358
468,-0.00184824621241664,0.042324564120539,0.984176921775903
469,0.646152972036437,-0.133326090685579,0.0622908336784458
470,0.645198484263924,0.181925989893014,0.23364274287236
471,0.117758848105744,0.26867374504797,0.716215246301761
472,0.773395596159105,0.076110219560899,0.813003869066676
473,0.727253320313758,-0.00557781530222695,0.608114311797165
474,1.03022588303675,0.30236853405088,0.953245182338502
475,0.870928842791918,0.022792286236053,0.178275218747754
476,0.927638958404093,-0.173499368458939,0.585972660512777
477,0.333536506028137,0.0719009812236935,0.970434806577419
478,0.531319609050266,-0.0669179413600742,0.114764371041864
479,0.414874450605717,-0.00715566990881206,0.406374040724918
480,0.461887078365447,0.109440764168932,0.964936718999283
481,1.01792356406354,0.335157812974544,0.135335389304727
482,0.21821523790788,-0.0307321659045915,0.46807888682586
483,1.08227231831301,0.222295476753146,0.995924170134895
484,-0.0485717192015054,0.311957358822211,0.0162368699040629
485,0.169000725982459,0.264086043035898,0.0638929358391259
486,0.504227192580053,0.318656068354938,0.239242514355933
487,1.05208675271284,0.00692255609125198,0.728022134722337
488,0.332348055603545,0.274522359551927,0.792023624306674
489,1.06582270485835,0.212032941183908,0.658888811387179
490,0.83201173925008,0.109264237648252,0.899017382463878
491,0.46047835347415,0.156043902694927,0.363140513966701
492,0.739108513449368,0.282478797833255,0.925077924330805
493,0.21921558629591,0.340791568577975,0.277235032986459
494,0.431821122631649,0.329175533645464,0.801503077885824
495,0.962669973420336,0.49088323315812,0.636383576101499
496,0.235481241501917,0.241188313247479,0.925598080679067
497,0.36666907127271,0.469883035453112,0.275465094889179
498,0.27282887693121,0.182250193091695,0.798336305547499
499,0.594937832861582,0.344301145004219,0.643981795169077
500,0.341971686360339,0.4900967195253,0.91707697063956
501,0.00208216489777302,0.518152690867917,0.304187202248511
502,1.04117895703487,0.659618301551343,0.846629392946938
503,0.119803138139391,0.271460996323871,0.51939225578095
504,0.660961606976305,0.338203574531529,0.998495761662905
505,0.404498799775817,0.357573976718104,0.00600790241648134
506,0.492247567802502,0.662373567414097,0.0238872301001415
507,0.58358171172328,0.340428214115662,0.0932665213531376
508,1.04184238743299,0.395630434521251,0.338271509391289
509,0.759094954747535,0.696134022891608,0.895375581301713
510,0.666011319343766,0.642070483162181,0.374712598841331
511,0.709481667848527,0.467847474081469,0.937212268443627
512,0.655583924703776,0.475291249697486,0.235381729289511
513,0.429218042593218,0.461121364554409,0.719908683224761
514,0.897095888881791,0.899358923257748,0.806560684169407
515,0.696286332987786,0.608317819691789,0.624082187686341
516,0.345428327514751,0.7499160221553,0.938414442795887
517,0.399001217089535,0.591420129137895,0.23117110539189
518,0.173280807362698,0.795157216371309,0.710924101695126
519,1.05773653314012,0.871238994942498,0.822044093296417
520,0.198941891856009,0.937007500731739,0.585150407891555
521,0.495203224943961,1.02854425455821,0.970997632143607
522,0.471513057018248,0.634596081409212,0.112644922060461
523,0.791484138086793,0.779916399488739,0.399824174377813
524,0.78059396198777,0.811167089933281,0.959859215843653
525,0.0450575641521045,0.947152874149005,0.154118006414642
526,1.02818670185456,0.748503861903862,0.521462586053675
527,-0.250512514037156,1.11300717574852,0.998157429599554
528,1.27620752882137,1.1733877164981,0.00735670133905982
529,-0.230868544496546,0.72248825629988,0.0292103211378708
530,0.875450910686571,1.16551664436992,0.113428313107573
531,0.888605506605987,0.927951912498293,0.402249323572574
532,0.156427037034449,0.770341190808439,0.961779221031922
533,0.202808134281757,0.94354579320935,0.147039804092604
534,0.454480753519966,0.987845494858377,0.501676400420052
535,0.597711662576,0.891561589842455,0.999988758726527
536,0.658820088950914,0.811612544742625,4.49645884287058e-05
537,0.800565535344545,1.13229639012819,0.000179850266457973
538,0.367662769279613,0.912460452410582,0.000719271681358512
539,0.410196160896009,0.93896572052296,0.00287501731842763
540,-0.262403771375675,0.751033194991121,0.0114670063753855
541,-0.246626486342445,0.860917711807059,0.0453420565606894
542,0.892652262470658,1.06702253721019,0.173144617870147
543,0.618882492192882,0.967296757054418,0.57266223669099
544,0.257304319933955,1.13520095755067,0.97888079743625
545,0.620897486290636,0.69201339383446,0.0826927273872847
546,1.25056823821509,0.802439887673475,0.303418560898148
547,0.079319850232699,1.02898952891475,0.845422951202579
548,0.652585506320547,1.01706170256529,0.522731939130003
549,0.945803469478047,0.79430923609357,0.997933035773559
550,0.973466020908417,0.653178438564542,0.00825076754130883
551,0.199740960528795,0.916828459966639,0.0327307695051525
552,0.61807669201219,1.02695479558468,0.126637864931012
553,-0.18192601377816,0.980882515913515,0.442402864386908
554,0.586438619186793,0.983045484367819,0.986730279876668
555,1.34932871705851,0.816917954506638,0.0523745386047207
556,0.120945642761541,0.640122572259811,0.198525785242653
557,0.814870129955681,0.6380925641215,0.636453191345764
558,0.412663928786433,0.738363514003399,0.925522106286225
559,0.638513873140056,0.642556249116746,0.275723748246939
560,0.564754429592964,0.627270797631455,0.79880065159839
561,-0.0326640568693475,0.560450347990151,0.64287268241751
562,0.461613953312531,0.661066501684112,0.918349586475302
563,0.396860598717872,0.440075584533043,0.299934493983777
564,0.306638970334095,0.345092937821748,0.83989517320989
565,0.128181580844741,0.377232863823949,0.537885084914476
566,1.0921695642417,0.649935847743421,0.994258881364092
567,0.330137895998351,0.581421188255865,0.0228326327708665
568,0.282970437406658,0.498603636015205,0.0892452146064691
569,0.354036869766166,0.676158976545104,0.325122025105258
570,0.565303451169717,0.502826588437009,0.877670775586855
571,0.852535176837345,0.633065022701705,0.429459141070493
572,1.07129473748131,0.611406405668118,0.980095948885949
573,0.321500101612381,0.241317696333461,0.0780315194531998
574,0.905715636612112,0.467780515395506,0.287770405700099
575,0.199741282051066,0.43733634000595,0.819834397213197
576,0.784137290987094,0.108435124410022,0.590823833437083
577,0.601691954411195,0.093030503915647,0.967004125119172
578,0.470709451842363,0.438705173153652,0.127628588486706
579,1.03476762781857,0.339212901694093,0.445358127550389
580,0.218815779755105,0.107534302440537,0.988057063100802
581,0.443857902060337,0.10716881082725,0.0472012126296804
582,0.470575842245655,0.435950558621483,0.179893032623873
583,-0.0184214791164623,0.0690465764891777,0.590126117749035
584,0.449104426045387,0.0468377034660375,0.967509131597948
585,0.317089919594101,0.0527045752488406,0.12574084749013
586,0.492975871729863,0.0894868542808849,0.439720347050375
587,0.805656677470775,-0.00720306014310451,0.985465453761091
588,0.898533060214529,-0.0479638060449963,0.0572931728181514
589,0.403719089959619,0.332322157875237,0.216042660666323
590,0.0791922830349145,0.14137124007529,0.677472917754157
591,0.568641874073669,0.0234475903713073,0.874013453855306
592,0.221911804232256,0.268357325095851,0.440455745340901
593,0.710396043320963,0.0329791244439087,0.985817926948369
594,0.738319536986646,0.0914451147391813,0.0559237674223559
595,0.171561436888447,-0.00879199863236629,0.211185198638585
596,0.706311649073136,0.159318335447908,0.666344042058265
597,1.03653266054136,0.247585724890163,0.889318638686873
598,1.2016789528733,0.0942018936940509,0.393723990284001
599,0.285840286196349,0.22085473029012,0.954821639035379
600,0.0609954676604446,-0.140261644706489,0.172549106660685
601,-0.0464499725812545,0.272357034756797,0.571103649805139
602,0.683211285991176,0.0270727900776572,0.979777083937553
603,0.55556082668949,-0.154193098431699,0.0792557989135145
604,-0.309378213688668,0.319063320896514,0.29189726900838
605,0.481815724779666,-0.151163905532965,0.826773013415318
606,-0.183429389440394,0.17243511959987,0.572877590813889
607,0.347849112821925,0.031139295530455,0.978755427028653
608,0.893875873866754,0.0613580413189868,0.0831729643624479
609,0.360426743671919,0.29259870649049,0.305020889446443
610,0.346907041245786,0.149650973573301,0.847932585790976
611,0.838907575939861,-0.00830541232249449,0.515771662979221
612,0.772816645756495,-0.0127079178320542,0.99900501858748
613,-0.0772116408660029,0.330035878640444,0.00397596569803705
614,0.042291533057832,0.238060437418982,0.0158406295792203
615,0.397315503379225,0.28771773480539,0.062358816135017
616,0.773399084909365,0.330694050911398,0.233880776741025
617,0.614612567828012,0.0806140225845483,0.716722236048159
618,0.594571534892871,0.108224268120483,0.812125889609145
619,0.816748863153249,0.252965568061784,0.610309716142799
620,0.482290979633983,0.382379639015605,0.95132706609798
621,0.223239908976902,0.111173340623538,0.185215517629558
622,-0.0409486148408341,0.194872613012388,0.60364291863509
623,0.148890833280317,0.252198243784741,0.9570325816672
624,0.909583518577179,0.28548084481539,0.164484877178456
625,0.292577149071585,0.290887633235358,0.549718409432177
626,0.343707056717684,0.469358391915744,0.990112319054138
627,0.0343459002022868,0.567044923497417,0.0391596588455007
628,0.186092011137429,0.444683424700445,0.150504719858419
629,0.459411192121979,0.595118818251311,0.511412196635031
630,0.299695172534902,0.30029393985837,0.999479047071854
631,0.446163381275415,0.736925057875689,0.00208272614477249
632,0.704011455650185,0.328153236630234,0.0083135535863135
633,0.199154178652577,0.637283107165507,0.032977753652324
634,0.580940433177256,0.702199601997396,0.127560885665482
635,1.04778865381811,0.621991155647466,0.44515642445488
636,0.727959375414226,0.577445252829909,0.987968728885707
637,0.70843976367777,0.540059136078376,0.0475460785186696
638,0.115918793019287,0.713138298624005,0.181141795744665
639,-0.148135138649453,0.898635804248809,0.593317782316251
640,0.924975364527511,0.976130567526067,0.965167166014307
641,0.212721796674982,0.795862109914241,0.134478030648872
642,0.565787006419541,0.682974886004617,0.465574759686693
643,0.129441034701788,0.955357534742074,0.995259611317484
644,0.66935882570472,0.647831039571126,0.0188716695906171
645,0.274348358142209,0.853938846842983,0.0740621187099185
646,0.449428791296457,0.702317718704833,0.274307685128466
647,0.70802188710576,0.941967081075942,0.796251916031713
648,0.405409232189108,0.767078711034985,0.648939208990156
649,0.533425069898993,1.06161245911444,0.911268448101547
650,0.942295722864819,0.875873982614296,0.32343305438458
651,0.317527932833539,0.667726583072701,0.875296454864166
652,0.734874513223527,0.9654378101219,0.436610283865557
653,0.211621667021587,0.944712070580742,0.983926975553579
654,0.281261978954563,0.848376296517071,0.063258729326263
655,0.954637229911587,1.16999109383873,0.237028249961158
656,0.668527032001926,1.1120473813302,0.723383434726036
657,0.578334044888722,1.0113088521519,0.800399364359995
658,-0.222153879056226,1.19817270044317,0.639040887568444
659,1.19543491324793,0.84586718765113,0.922670526336717
660,1.00461833761257,1.1462348978276,0.28539850466497
661,-0.0163428648062787,1.12615772821204,0.815784792799876
662,0.984519324269431,1.00798029736121,0.601119858545357
663,-0.0347213313976857,1.00900979473947,0.959099096831068
664,0.303707360245957,1.13748200915151,0.156912077155592
665,0.354155323198526,0.719641192805476,0.529162708793238
666,0.229806308926656,1.04435423569555,0.996598145663363
667,0.772781496447515,0.895053983804899,0.0135611268948362
668,0.944029863270807,0.868658682096304,0.0535088909287136
669,0.724429418493771,0.861007111997482,0.20258275808117
670,0.811498418991257,0.75451481195987,0.646171936837586
671,0.849126004519614,1.07509862400145,0.914535059524596
672,1.00803965155015,1.02054143457993,0.31264273769976
673,0.352931948686032,0.895777532250729,0.859589025053437
674,0.58950275712223,0.892453909233027,0.482782932244475
675,0.571615120475552,0.843938538844023,0.998814290311607
676,0.953524101746247,0.595940378787994,0.00473721512371335
677,0.878452162385436,0.764576656875803,0.0188590956663401
678,0.319944480359173,0.782240814092752,0.0740137207079516
679,0.371377793045169,0.605377145330624,0.274142759419668
680,0.308928217904476,0.594455370016422,0.795954027509751
681,0.215771820508551,0.875807415725293,0.649644854403029
682,0.214593746382547,0.841973597396763,0.910425670202785
683,0.492372061289159,0.789544421030273,0.32620307695438
684,0.127830023636305,0.671367048501539,0.879178518159499
685,-0.163037636654327,0.564096550044078,0.424894605465465
686,0.0387733283663904,0.457078994507119,0.977436718847248
687,0.131341680655628,0.702542730889584,0.0882167179854971
688,0.87394027834309,0.44764659691264,0.321738114613457
689,0.355092302244678,0.522172490677904,0.872890800873741
690,0.951097331848639,0.607010378803867,0.443809802494962
691,0.820296579693864,0.594271132446862,0.987370646817379
692,0.841022923079841,0.507925498454738,0.0498794104832382
693,0.645414453419011,0.535601201605853,0.189565819572331
694,0.608946835365305,0.593625831507983,0.614522478488807
695,0.191549809460778,0.436313926248275,0.947538407683123
696,0.13818838463767,0.401498233993613,0.198837494593818
697,1.06908501548849,0.567180881241379,0.637204581349886
698,0.529709930614844,0.343311570532955,0.92469961142641
699,0.486677611670996,0.470394856354292,0.278520960217026
700,1.07109210474124,0.233995453066058,0.803788139747248
701,0.565203567205444,0.46542861502597,0.630851064595627
702,0.772295198888134,0.380868669804532,0.931511995576764
703,0.931471700408382,0.499669117305214,0.255189590693434
704,0.490052451197789,0.329237313760295,0.760271453980607
705,0.260979437043806,0.349455969327682,0.729035080971283
706,0.566684281633779,0.405680680379324,0.790171726737912
707,0.855332097913891,0.277563192695496,0.663201476007754
708,-0.344885973930088,0.122560678293797,0.893461112915562
709,0.567002371073807,0.326619073953025,0.380753410492989
710,0.417070892373225,0.0286301752953095,0.943121003563786
711,0.512535714759518,0.138024879002417,0.214575104802494
712,0.706965798827682,0.262587204371648,0.674130516805971
713,1.16626380896029,-0.0693122585300394,0.878714252467542
714,0.8374267938507,0.265814889203153,0.426302059911804
715,0.992546408140382,0.305832943102501,0.978274454507027
716,0.430516602835643,0.0602977540727869,0.0850141846640239
717,0.392474826733893,0.317273309371435,0.311147092279741
718,0.41722652322102,-0.128609071693053,0.857338316982413
719,0.500892284481181,0.224233626252311,0.489237308864706
720,0.312912292940491,0.194479946736934,0.999536657918105
721,0.835987805585028,0.174211746710778,0.00185250958404068
722,0.189421643516791,-0.189473650030812,0.00739631116912686
723,0.78736890016034,-0.0693814138143722,0.0293664230008652
724,0.354406785238865,-0.0274239218510944,0.114016144803998
725,-0.3171789317507,0.08346504836659,0.404065854112127
726,0.515558317922955,0.268277599170272,0.963186558611057
727,1.06040064280536,0.161665767957236,0.141832847688183
728,0.630862433516821,0.138193892468479,0.486865164019375
729,0.240397096893806,-0.0415290163593285,0.999309904335048
730,1.2469011719221,-0.162658949849853,0.00275847773169969
731,0.587594804977595,0.238357678125392,0.0110034741292136
732,0.687966193961568,0.00164300014245233,0.0435295907452053
733,0.495019468571134,-0.102427180680506,0.166539061899041
734,0.575857555311898,0.176400009513748,0.555215211043314
735,0.521314189226751,-0.0396564141613547,0.987805121877769
736,0.852481195506998,0.258824750800532,0.0481846522792587
737,0.172472702484817,-0.0890532226979721,0.183451566255943
738,0.0983034377370841,0.112899012095834,0.599188356376737
739,0.464426885934696,0.286310231821311,0.960646679837126
740,0.105693952922873,0.0663501735012438,0.151218545420129
741,0.587618773854625,0.209040304279674,0.513405987764598
742,0.533278445458765,0.0584338185918661,0.999281117968222
743,0.429015961554645,0.101846420145355,0.00287346096161022
744,-0.0656425222803256,0.23327492114996,0.0114608167348493
745,0.710907377519833,0.106684216900068,0.0453178656584779
746,0.759207242061235,0.521936684643036,0.173056626842552
747,0.21632983800771,0.280761966652709,0.572432122993719
748,0.736233085532696,0.541958864753604,0.979014350234491
749,0.27777926313441,0.376056598627082,0.0821810090777139
750,0.340532854467454,0.366252406523265,0.301709163298731
751,0.534666892514566,0.282254523089834,0.842722976321242
752,0.520800166422506,0.302427485100398,0.530163846006038
753,0.820382388045631,0.681576309076768,0.996360569576496
754,1.02199567048053,0.658303478554281,0.0145047398787855
755,0.231197074676696,0.503659259976442,0.057177409599337
756,0.0241571803046167,0.695666374006486,0.215632613723387
757,0.861942518208032,0.733176533880828,0.67654075848883
758,0.966872905123229,0.628305016655902,0.875333442368755
759,0.510764852018996,0.759265570278718,0.436499228158482
760,0.430595053657264,0.709039000924456,0.983870607902126
761,0.652835873157286,0.712459748446401,0.0634769392337082
762,0.331772962308197,0.532257639082478,0.237790469676913
763,0.632335388668551,0.769419716367722,0.724984648830985
764,1.24712283286821,0.862296091431724,0.797527631161593
765,0.91934794026478,0.915656253248946,0.645909234781483
766,0.351481211713338,0.764411914674922,0.914841980821928
767,0.708249995234646,0.882545094937226,0.311624523790957
768,0.391737167022557,0.617119612814322,0.858058719852065
769,0.811150325258649,0.620542986265849,0.487175812551602
770,0.392077197688956,1.01873320243966,0.999342160865154
771,0.476825180790507,0.907717025812856,0.00262962553007672
772,0.646876566863168,0.932173537781925,0.0104908423985932
773,0.661304856775559,0.661148333656907,0.0415231384974442
774,0.772438449711552,0.802796082959411,0.159195869867065
775,0.0645573239625021,0.852332891914979,0.535410179537334
776,0.295572215694558,0.661868011199134,0.994984476740535
777,0.388795089973902,1.09036909947364,0.0199614711435945
778,1.04546746953392,1.16671380708138,0.0782520432535118
779,0.643209589386893,1.08580299297889,0.288514643920649
780,0.278260135615172,0.92976567442875,0.821095776655961
781,1.16334658370824,1.07982394538303,0.587590008854821
782,0.550994881963143,0.718103154750328,0.96931196139525
783,0.938320964428188,0.871294138681212,0.118985131565375
784,0.326662926305783,0.73875677113498,0.419310680126981
785,-0.145640720259997,1.13702877611677,0.973956934633719
786,0.373556929811216,0.728441367627758,0.101459296450437
787,0.383028156101376,1.01353241926131,0.364661230456876
788,0.460461849464922,1.18193911622716,0.926733669834213
789,0.421998370448178,0.995032394157673,0.271593500119301
790,-0.241208017216386,0.765055876350983,0.791321883248994
791,-0.0930044112815887,0.715580719718404,0.660526241361039
792,0.853670319260297,0.876370909921163,0.89692530333799
793,0.553629650169249,0.907499657231759,0.369801214280178
794,0.410370486078688,0.832415916166171,0.932193104788336
795,0.924232144821193,0.670125352075154,0.252836480693675
796,0.00874209247984015,1.01615039750044,0.755640778896448
797,1.27186954765798,0.760851670350057,0.738591168660869
798,0.492469046560988,0.873039809722732,0.772297016948163
799,0.604651244241158,0.637782450432171,0.703417338244527
800,0.658140306267503,0.962183874687736,0.834485546006047
801,0.597920666785993,0.839179393224139,0.552477678052147
802,0.0819717467416105,1.05668656141574,0.988984373225021
803,0.429982237986356,0.745942993103702,0.0435771309669331
804,0.887465485211599,0.777649373167933,0.166712658494496
805,0.398302952462531,0.704536125490563,0.555678191968773
806,0.172362744360618,0.941302741178207,0.987599755756354
807,0.772526591831506,0.614163485419374,0.0489859127453763
808,0.588022703138005,0.549082381497634,0.186345172391515
809,0.328299571487596,0.930190255361027,0.606482596471566
810,0.959223481665097,0.55198481002957,0.954645826594695
811,0.434605074357613,0.766653196705033,0.173188689440107
812,0.503112119123296,0.875400933078463,0.572777469160502
813,0.60344525709306,0.456754300757001,0.978813759930369
814,0.121148346684428,0.456221702897919,0.0829495332053718
815,0.719532185086686,0.427722592445453,0.304275632585531
816,0.563903859867106,0.678396717134484,0.846767888000824
817,0.832680028776171,0.373983852308618,0.519008127405793
818,0.534101708835519,0.630870633170353,0.998554764370101
819,1.18280910422818,0.413377848700968,0.00577258769549388
820,1.14457313818791,0.265033117731927,0.0229570597071668
821,0.477995212293586,0.227508035771911,0.0897201324670736
822,0.369010414402314,0.617038498909186,0.326681721188658
823,0.227363748035456,0.175993773970685,0.879843096919495
824,0.364131393371866,0.280283409540985,0.422876886890428
825,0.7066753820956,0.216490066653329,0.976208101697153
826,0.300654655977852,0.290382524144915,0.0929033755119768
827,0.886747925291287,0.292462801126727,0.33708935332183
828,0.171098602912699,0.256147727830721,0.893840484795601
829,0.603471589020308,0.144515304384049,0.379558690143863
830,0.915737067961043,0.203966519591439,0.941975563520552
831,0.546998199347147,0.151240643049606,0.218630405002763
832,0.541244253491304,0.0504441740150932,0.683324604044364
833,0.667980036227407,0.0688966507459955,0.865568358207909
834,0.293318833625422,-0.0414630586392063,0.465439101908695
835,0.0857035020315919,0.107256600147466,0.99522217729249
836,0.329437125955494,0.279242983677748,0.0190199804707434
837,0.58726996947121,0.315337164817079,0.0746328832545439
838,0.483375704556701,-0.0159050597445963,0.27625126396663
839,0.901795424528644,0.252261515031849,0.799746012493877
840,1.40164138469824,0.0569564911907394,0.640609311976081
841,0.113986804316594,0.245163792044429,0.920916085542452
842,0.301051735393615,0.260406145785631,0.291318595726476
843,0.584741928138126,-0.0991082887757618,0.825808286041721
844,0.107496811897491,-0.101601164088598,0.575395842986226
845,0.487838287835794,0.317324610479937,0.977261867441586
846,0.420382096492972,0.18915541090516,0.0888844395446815
847,-0.0253914011206642,-0.102140722331957,0.323935983806037
848,0.880838874841266,-0.115737940758802,0.876005848806608
849,0.33198088129512,-0.00950613471318823,0.434478406652889
850,0.245436724585876,0.0269021702682434,0.982827683221023
851,0.2986116320605,0.262012734205223,0.0675097132616779
852,0.664153963260244,-0.121821213831658,0.251808607508016
853,0.366026939802244,0.232725830228157,0.753604130771559
854,0.783447033719692,-0.0662256169535708,0.742739779422407
855,0.733841922379698,-0.0361239040424533,0.764309597943844
856,0.804575953970333,0.303579687291954,0.720561745739053
857,0.752918667615362,0.270869952743353,0.805410065266165
858,0.731246602476005,0.11337362716801,0.626898768136468
859,0.88273895715878,0.312934054567271,0.935586810581788
860,0.440384095779302,0.191984461290043,0.241056521788744
861,0.408662999673519,0.230494766579336,0.731793100367426
862,0.0702517070567973,0.337732112638998,0.785087834488225
863,0.420404187749513,0.121247681173118,0.674899706507258
864,0.573829316500698,0.191138230428592,0.8776403706547
865,0.590790793939937,0.188374408003467,0.429551001807122
866,0.111071985293377,0.17427776710398,0.98014775461448
867,1.156376036223,0.231247150633471,0.0778325349546932
868,0.762705355618592,0.454186344761234,0.287098525828879
869,0.499449942036013,0.12631324496787,0.818691849183054
870,0.220797274588562,0.0740446550160467,0.593742021057143
871,0.724593971736529,0.26098714740025,0.964849733952489
872,0.684793073460746,0.0981761285586954,0.135658899377202
873,0.318077801610623,0.539114940089814,0.469022249587873
874,0.22289284211161,0.14076435790451,0.996161515917616
875,0.125359066506058,0.477035824240329,0.0152950004893334
876,0.295914841180032,0.215040872972543,0.0602442537974589
877,0.713353517405456,0.213002858552188,0.226459534727385
878,0.906932298898763,0.629895858740139,0.700702455433765
879,0.710197890459626,0.462523067500997,0.83887409753143
880,0.79399535335728,0.43628760794927,0.540657384089037
881,0.45100920295735,0.749196732714347,0.993387908476146
882,-0.0208807248617864,0.352512811737145,0.0262734870781358
883,0.49641550304721,0.452375926394501,0.102332763819564
884,-0.321836827191098,0.524410084644749,0.367443077074452
885,0.256154912872661,0.849350017920407,0.929714648738041
886,0.141360224984742,0.472146458384107,0.261381282639768
887,0.548831592389953,0.693078596749558,0.772244430901431
888,0.841865912378898,0.715807670695313,0.703531879372625
889,-0.326374501251884,0.476584385452014,0.834299096316189
890,0.741987194775003,0.808568887199545,0.552976456808718
891,0.650864316578838,0.568424634106827,0.988773980095976
892,0.022720968199118,0.897130823522097,0.0443999855245527
893,0.716851665950388,0.898213071059673,0.169714507239889
894,0.346677448783103,0.792848957119345,0.563645973088843
895,0.716651344911082,0.619562288954249,0.983796760438297
896,0.415800400459963,0.746343754454007,0.063762778357635
897,0.711422791327371,0.876945128627297,0.238788345815
898,-0.11070158050696,0.831138666349259,0.727073886871745
899,0.899449584031571,0.83221680761707,0.793749799603833
900,0.672886476760723,1.02724654719122,0.654844220930833
901,0.250056741648648,0.83463383125398,0.904093068977294
902,1.19383297909179,0.956102619742998,0.346835166418048
903,0.362541773417479,0.967865699703541,0.906162135015252
904,0.475413046087158,0.762422930010911,0.34012928031941
905,0.10985149427871,0.841510487347809,0.897765411955241
906,0.0843734566746801,0.769066650306418,0.367130708208311
907,0.212068235059175,0.955980288641635,0.9293830051951
908,0.367786615107239,1.07586923967255,0.262520939398501
909,0.294317150689963,0.958177651986295,0.774414783103317
910,0.511074921145939,1.07999556723598,0.698786107257437
911,0.340449141923373,1.06273964454344,0.841936334245739
912,0.783785035312919,0.75543439768092,0.532318173290346
913,0.575751190189274,1.16190353517984,0.995822142700701
914,0.857287498860863,0.739109428375841,0.0166416112307436
915,0.772888708780572,0.872802851507968,0.0654586720255535
916,0.919053215221366,0.741159346892122,0.244695337128818
917,0.439876990677754,0.858623887214739,0.739278116464929
918,0.580909615565265,1.18628957850172,0.770983931923984
919,-0.0516435822538006,0.776043206736368,0.70627083455607
920,1.04835497641213,1.01545139461493,0.82980937124617
921,0.292112677579708,0.7617488905037,0.564903114552824
922,1.37310316518709,0.863568880584392,0.983150342885372
923,0.752532775614923,0.80763621319801,0.0662629846789905
924,0.122909512179736,1.01903836325182,0.247488806161689
925,0.309965866250314,1.09065901882012,0.744952387945405
926,0.448093592742205,0.930067025457314,0.759993310559376
927,0.700942459764141,0.804780858626595,0.729613913857503
928,0.173201883941135,0.818255817660299,0.789109802252156
929,-0.061392156939407,0.649347229456591,0.665662088966876
930,0.102853503945346,0.82992667798669,0.890224289116523
931,0.821841891050604,0.562715213809495,0.390900016734016
932,1.16771877841265,0.880284042325045,0.952388774605448
933,0.633664262427136,0.971617519335036,0.181377586443925
934,0.515270733349348,0.74101041940223,0.593919030318805
935,0.0283824425023806,0.517454320378428,0.964716862975902
936,0.560951869224362,0.450407686861441,0.136152949063349
937,0.938246825755186,0.600996920334801,0.470461294098807
938,0.23526961635133,0.828022895976387,0.996509859414731
939,0.652004341464912,0.488927093804631,0.0139118380158553
940,0.918903863293011,0.723855078986188,0.0548731951155034
941,0.338289034606633,0.690986316637143,0.207448510293277
942,0.862904854789881,0.633044871789081,0.657654503481509
943,0.317581082127866,0.605754194484418,0.900580230127995
944,0.681973956074024,0.582777017997785,0.35814191692241
945,0.54771858443246,0.312943862305415,0.919505137062206
946,0.583519582858324,0.251456792996094,0.296061759913679
947,0.142363313347803,0.355556293947439,0.833636776921977
948,0.38245453899929,0.47701345307007,0.55474600434046
949,0.210603532196661,0.143551878542405,0.988011500035017
950,0.611883474951249,0.493424495093533,0.0473791033342899
951,-0.0423535472094587,0.554515941400293,0.180537295606114
952,0.133043374375264,0.136349222696867,0.591774322005379
953,0.782622438859937,0.43469948526238,0.966309895281812
954,1.34773426175082,0.128631754243956,0.130220326249062
955,0.0118305540391294,0.316228406008193,0.453051971522599
956,0.518442406838472,0.160715622194138,0.991183530488341
957,0.318240288207057,0.291832292017459,0.0349549575080379
958,0.766885191564854,0.170439156941204,0.134932433814597
959,0.611262782449647,0.218123195230487,0.466902688477864
960,0.276119002665229,0.242409275795528,0.995618271880027
961,1.12535707004386,0.310621151578031,0.0174501143146237
962,0.634518446155194,-0.0567316792782882,0.068582431300121
963,0.201329209939315,0.285232743301799,0.255515525668341
964,0.748263636605668,0.153458896750257,0.760909367243089
965,0.791198661003599,0.0928140494884945,0.727705208339244
966,-0.0682033487049084,0.350721842050834,0.792601352380725
967,0.8292567625537,0.173876787086573,0.657537794339883
968,0.365060192189954,-0.0355587379051361,0.9007273734181
969,0.818870893089308,0.160174582309648,0.357670288773724
970,0.545143858621723,-0.0237099047542985,0.91896901320898
971,0.410118480255589,0.0560938923595101,0.297859863882775
972,0.583589744936862,0.143268989281284,0.836557461482039
973,0.747476696440442,0.169810499459402,0.546916300483063
974,0.614383233239456,0.0658968825758023,0.991195442995932
975,-0.185894668909083,0.189181274770172,0.0349081471201214
976,-0.191213888825472,-0.0076275059063276,0.134758273539045
977,0.494616540481637,-0.148158557529648,0.466393925007285
978,-0.0580023561306164,0.243121524434364,0.995482526894336
979,0.607555835076289,0.241606658935541,0.0179882621696143
980,1.35061598634488,0.31636801929794,0.0706587383749261
981,0.51922028804911,-0.16690459976372,0.262664324264759
982,0.704550411227749,-0.00208252523038294,0.774687108093187
983,0.24377081030511,0.273168283028628,0.698187970589608
984,0.170664343736874,0.0653925621346642,0.842886113254291
985,0.267736406823766,0.103935666996301,0.529716453349463
986,0.21289416997268,0.352083323867533,0.996467729601317
987,0.656585920812065,0.0954762740658355,0.0140791738580552
988,0.431053455591843,0.154370983382847,0.0555238028861192
989,0.395354606129607,0.39200491203532,0.20976364079673
990,0.363254657439748,0.420365264156578,0.663051423185723
991,0.753217192205226,0.363040652399519,0.893656933588442
992,0.180321518093742,0.212725742227264,0.380136874550981
993,0.852169642066462,0.274612647349759,0.942531324630371
994,0.133064108509431,0.356261374576747,0.216664106883556
995,0.740227859052518,0.473752818319662,0.678883086687629
996,0.386498654086049,0.529761793684699,0.872003365188425
997,0.558960133383134,0.448604138291862,0.446453985153948
998,0.529966625206178,0.145107186970516,0.988531297176426
999,0.825120166729824,0.555963875970279,0.0453486867164761
1000,0.181340210728782,0.139778137849101,0.173168733318268
1001,0.130057116790263,0.498415578727044,0.572725292476858
1002,0.728299341435486,0.656184167431966,0.978844127336622
1003,0.967387705112251,0.499267916169553,0.0828332068609168
1004,-0.057491647412788,0.262507414475852,0.303887466808213
1005,1.18403211815754,0.633817555274525,0.846159497300401
1006,0.684288496990759,0.542265243865438,0.520694409714934
1007,-0.191214359100991,0.645384053135726,0.998286965626202
1008,-0.219273143914055,0.386502929851007,0.00684039954812917
1009,0.395471348850735,0.53621314318462,0.0271744339286045
1010,0.952275149146029,0.582431024131238,0.105743936277058
1011,0.328165825361567,0.691440084615152,0.378248624870765
1012,0.963007621914619,0.805097392011202,0.940706410616561
1013,0.153227266044697,0.706693744849495,0.223111438565869
1014,0.861768296881423,0.902659715741615,0.69333089818775
1015,0.57956775495726,0.871724731028811,0.850492655223672
1016,0.145109867096204,0.909260699358325,0.50861959453704
1017,0.56203293464184,0.982882295754376,0.999702810360068
1018,0.764504276182913,0.762717354382369,0.00118840527299911
1019,0.756790214921982,0.914041874564749,0.00474797186362488
1020,0.410849329255428,0.685015291264616,0.0189017145072284
1021,0.140087333856322,0.847537742773862,0.0741777587836626
1022,0.524713591605626,0.820500518336899,0.274701675541982
1023,0.573052378165521,0.969762252303647,0.796962659985638
1024,0.270303791446033,0.829206458049351,0.647252714297018
